City,Date,lat,lon,AQI,CO,NO,NO2,O3,SO2,PM 2.5,PM 10,NH3,month,day,year
Aguilar,1626289200,37.4036,-104.655,2,230.31,0,0.32,115.87,0.4,19.47,20.73,0.52,1,1,1970
Akron,1626289200,40.1633,-103.2203,2,203.61,0.04,0.41,87.98,0.38,6.92,7.71,1.22,1,1,1970
Alamosa,1626289200,37.4753,-105.8769,2,206.95,0.01,0.25,90.84,0.57,12.11,12.75,0.52,1,1,1970
Alma,1626289200,39.2858,-106.0669,2,216.96,0.01,0.32,91.55,0.32,16.11,17.05,0.36,1,1,1970
Antonito,1626289200,37.0761,-106.0103,1,200.27,0.03,0.51,52.21,0.3,9.21,9.5,1.71,1,1,1970
Arriba,1626289200,39.2844,-103.2742,3,267.03,0.02,0.5,124.45,0.75,24.35,25.86,1.24,1,1,1970
Arvada,1626289200,39.8319,-105.1511,3,280.38,0.13,2.1,115.87,2.03,24.39,26.59,1.39,1,1,1970
Aspen,1626289200,39.195,-106.8367,2,223.64,0,0.08,97.28,0.41,11.69,12.35,0.4,1,1,1970
Ault,1626289200,40.5892,-104.7392,2,213.62,0.04,0.91,94.41,2.15,6.97,7.79,0.9,1,1,1970
Aurora,1626289200,39.7083,-104.7239,3,257.02,0.05,2.04,114.44,1.61,22.17,24.12,1.55,1,1,1970
Avon,1626289200,39.6442,-106.5131,2,230.31,0,0.31,100.14,0.34,9.66,10.83,0.65,1,1,1970
Basalt,1626289200,39.3664,-107.0414,2,233.65,0,0.15,104.43,0.32,10.99,12.11,0.59,1,1,1970
Bayfield,1626289200,37.2342,-107.5953,1,233.65,0.01,0.3,79.39,2.77,7.79,8.56,0.1,1,1,1970
Bennett,1626289200,39.7367,-104.4286,2,230.31,0.03,1.46,104.43,1.3,16.77,18.31,1.3,1,1,1970
Berthoud,1626289200,40.3072,-105.0425,3,287.06,0.03,4.5,73.67,1.77,24.05,25.73,1.52,1,1,1970
Bethune,1626289200,39.3039,-102.4233,3,257.02,0.04,1.09,101.57,0.52,22.63,23.96,1.98,1,1,1970
Black Hawk,1626289200,39.8042,-105.495,2,226.97,0.01,0.14,100.14,0.38,16.89,19.17,0.61,1,1,1970
Blanca,1626289200,37.4392,-105.5136,2,198.6,0.01,0.23,87.98,0.5,9.53,10.02,0.42,1,1,1970
Blue River[c],1626289200,39.4358,-106.0353,2,223.64,0.01,0.23,101.57,0.38,15.33,16.7,0.49,1,1,1970
Bonanza[d],1626289200,38.2967,-106.1419,2,200.27,0,0.16,78.68,0.32,16.34,17.16,0.29,1,1,1970
Boone,1626289200,38.2494,-104.2581,3,263.69,0.01,0.7,131.61,0.51,22.8,25.14,0.93,1,1,1970
Boulder,1626289200,40.0247,-105.2525,2,250.34,0,0.19,114.44,0.69,19.44,21.16,0.6,1,1,1970
Bow Mar,1626289200,39.6253,-105.0511,2,267.03,0.08,1.99,117.3,1.13,18.55,21.19,1.06,1,1,1970
Branson,1626289200,37.0156,-103.8839,2,213.62,0.01,0.49,101.57,0.5,12.37,13.57,0.55,1,1,1970
Breckenridge[g],1626289200,39.4994,-106.0433,2,223.64,0.01,0.23,101.57,0.38,15.33,16.7,0.49,1,1,1970
Brighton,1626289200,39.9717,-104.7964,2,223.64,0.07,1.78,98.71,1.97,13.43,14.83,1.35,1,1,1970
Brookside[h],1626289200,38.4136,-105.1908,2,243.66,0.01,0.26,111.58,0.35,16.19,17.67,0.6,1,1,1970
Broomfield,1626289200,39.9542,-105.0528,3,280.38,0.13,2.1,115.87,2.03,24.39,26.59,1.39,1,1,1970
Brush,1626289200,40.26,-103.6322,2,201.94,0.02,0.41,85.83,0.4,5.09,5.7,1.12,1,1,1970
Buena Vista,1626289200,38.8319,-106.1386,2,211.95,0.01,0.13,97.28,0.4,18.36,19.75,0.35,1,1,1970
Burlington,1626289200,39.3042,-102.2714,2,240.33,0.04,0.83,101.57,0.4,18.78,21.25,1.74,1,1,1970
Calhan,1626289200,39.0344,-104.2994,3,260.35,0,1.84,127.32,1.33,23.26,25.03,0.83,1,1,1970
Campo,1626289200,37.1047,-102.5789,1,178.58,0.01,0.36,65.09,0.13,4.52,9.93,1.05,1,1,1970
Caâ€“on City,1626289200,38.4431,-105.2203,2,240.33,0.01,0.24,113.01,0.45,18.96,20.87,0.64,1,1,1970
Carbonate[k],1626289200,39.7442,-107.3392,2,226.97,0,0.12,77.96,0.3,10.87,11.55,1.22,1,1,1970
Carbondale,1626289200,39.395,-107.2147,2,230.31,0,0.25,88.69,0.33,9.71,10.74,0.72,1,1,1970
Castle Pines,1626289200,39.4625,-104.8706,3,310.42,0.57,9.25,130.18,4.77,22.03,24.42,1.5,1,1,1970
Castle Rock,1626289200,39.3761,-104.8536,3,283.72,0.12,3.3,121.59,2.06,18.9,20.67,0.85,1,1,1970
Cedaredge,1626289200,38.8942,-107.9256,1,226.97,0.02,0.6,77.25,0.57,9.22,10.07,1.69,1,1,1970
Centennial,1626289200,39.5925,-104.8672,3,310.42,0.57,9.25,130.18,4.77,22.03,24.42,1.5,1,1,1970
Center,1626289200,37.7511,-106.1106,2,213.62,0,0.29,98.71,0.63,11.95,12.9,0.44,1,1,1970
Central City,1626289200,39.7947,-105.5119,2,230.31,0.01,0.14,113.01,0.36,18.69,21.78,0.71,1,1,1970
Cheraw,1626289200,38.1075,-103.5111,2,247.0,0.01,0.96,107.29,0.57,18.24,25.32,1.28,1,1,1970
Cherry Hills Village,1626289200,39.6375,-104.9481,4,290.39,0.13,4.88,120.16,2.86,25.21,27.52,1.65,1,1,1970
Cheyenne Wells,1626289200,38.8192,-102.3519,2,213.62,0.03,0.55,92.98,0.28,12.31,18.18,1.05,1,1,1970
Coal Creek,1626289200,38.3622,-105.1422,3,250.34,0.02,0.34,121.59,0.72,20.2,21.93,0.71,1,1,1970
Cokedale,1626289200,37.1442,-104.6217,2,201.94,0.01,0.25,90.84,0.44,12.97,14.82,0.42,1,1,1970
Collbran,1626289200,39.24,-107.9636,2,240.33,0.01,0.39,103.0,0.31,7.6,9.24,0.88,1,1,1970
Colorado Springs,1626289200,38.8675,-104.7606,3,236.99,0.01,0.55,121.59,0.34,22.32,23.7,0.59,1,1,1970
Columbine Valley[m],1626289200,39.5994,-105.0353,2,253.68,0.03,1.34,114.44,0.72,18.08,20.9,0.74,1,1,1970
Commerce City,1626289200,39.8642,-104.8431,2,257.02,0.13,2.25,110.15,1.91,19.09,21.08,1.58,1,1,1970
Cortez,1626289200,37.3503,-108.5767,2,247.0,0.02,0.2,104.43,0.93,11.16,12.54,0.66,1,1,1970
Craig,1626289200,40.5169,-107.5553,2,198.6,0.01,0.17,107.29,0.16,10.76,12.98,0.71,1,1,1970
Crawford,1626289200,38.705,-107.6097,3,277.04,0.01,0.18,125.89,0.43,21.56,23.51,0.82,1,1,1970
Creede,1626289200,37.8486,-106.9253,2,205.28,0.01,0.14,77.25,0.2,18.56,20.36,0.4,1,1,1970
Crested Butte,1626289200,38.8675,-106.9772,2,223.64,0,0.09,88.69,0.33,14.41,15.23,0.35,1,1,1970
Crestone,1626289200,37.9944,-105.6961,2,206.95,0.01,0.13,97.28,0.32,14.49,15.69,0.53,1,1,1970
Cripple Creek,1626289200,38.7467,-105.185,2,233.65,0.01,0.68,90.12,0.28,11.68,12.82,0.52,1,1,1970
Crook,1626289200,40.8589,-102.8014,1,193.6,0.05,0.35,79.39,0.09,5.74,6.11,1.06,1,1,1970
Crowley,1626289200,38.1936,-103.8597,3,267.03,0.01,0.69,130.18,0.56,21.63,25.73,0.97,1,1,1970
Dacono,1626289200,40.0622,-104.9478,2,240.33,0.06,1.93,100.14,2.74,13.86,15.42,1.36,1,1,1970
De Beque,1626289200,39.3103,-108.205,2,213.62,0.01,0.13,95.84,0.23,8.32,9.99,0.69,1,1,1970
Deer Trail,1626289200,39.615,-104.0433,2,216.96,0.03,0.64,95.84,0.98,11.7,12.98,1.25,1,1,1970
Del Norte,1626289200,37.6783,-106.3539,2,210.29,0,0.24,98.71,0.48,16.36,17.44,0.41,1,1,1970
Delta,1626289200,38.7561,-108.0772,3,270.37,0.01,0.19,121.59,0.37,18.6,20.38,0.97,1,1,1970
Denver[p][q],1626289200,39.7619,-104.8761,4,290.39,0.13,4.88,120.16,2.86,25.21,27.52,1.65,1,1,1970
Dillon,1626289200,39.6214,-106.0394,2,220.3,0,0.12,100.14,0.35,12.97,14.53,0.62,1,1,1970
Dinosaur,1626289200,40.2397,-109.0067,2,208.62,0.01,0.31,98.71,0.24,11.13,14.95,0.97,1,1,1970
Dolores,1626289200,37.4742,-108.5,2,226.97,0,0.15,94.41,0.39,8.85,9.79,0.56,1,1,1970
Dove Creek,1626289200,37.7669,-108.9072,2,240.33,0.01,0.13,98.71,0.4,8.87,10.53,0.75,1,1,1970
Durango,1626289200,37.2658,-107.8783,2,226.97,0.01,0.19,73.67,0.52,10.97,11.69,0.32,1,1,1970
Eads,1626289200,38.4814,-102.7797,2,226.97,0.01,0.63,95.84,0.36,12.46,15.05,0.85,1,1,1970
Eagle,1626289200,39.6367,-106.8125,2,220.3,0,0.15,101.57,0.28,11.13,12.34,0.57,1,1,1970
Eaton,1626289200,40.5256,-104.7131,2,213.62,0.04,0.91,94.41,2.15,6.97,7.79,0.9,1,1,1970
Eckley,1626289200,40.1122,-102.4883,1,181.91,0.07,0.44,67.23,0.07,4.94,5.19,1.54,1,1,1970
Edgewater,1626289200,39.7508,-105.0625,2,267.03,0.08,1.99,117.3,1.13,18.55,21.19,1.06,1,1,1970
Elizabeth,1626289200,39.3589,-104.6194,3,297.07,0.11,7.2,121.59,2.92,22.19,24.18,1.06,1,1,1970
Empire,1626289200,39.7594,-105.6822,2,230.31,0.01,0.14,101.57,0.33,16.52,18.95,0.65,1,1,1970
Englewood,1626289200,39.6467,-104.9942,4,290.39,0.13,4.88,120.16,2.86,25.21,27.52,1.65,1,1,1970
Erie,1626289200,40.0403,-105.04,3,280.38,0.05,1.46,111.58,1.4,24.15,26.31,1.28,1,1,1970
Estes Park,1626289200,40.37,-105.5217,2,230.31,0,0.25,115.87,1.42,19.7,21.44,0.65,1,1,1970
Evans,1626289200,40.3661,-104.7389,2,211.95,0.01,1.16,92.98,2.21,7.58,8.4,1.01,1,1,1970
Fairplay,1626289200,39.2244,-105.9967,2,220.3,0.01,0.44,91.55,0.32,17.78,19.16,0.38,1,1,1970
Federal Heights,1626289200,39.865,-105.0156,3,280.38,0.13,2.1,115.87,2.03,24.39,26.59,1.39,1,1,1970
Firestone,1626289200,40.1564,-104.9494,2,240.33,0.06,1.93,100.14,2.74,13.86,15.42,1.36,1,1,1970
Flagler,1626289200,39.2947,-103.0758,3,273.71,0.04,0.71,117.3,0.66,24.43,25.57,1.55,1,1,1970
Fleming,1626289200,40.6819,-102.8397,2,196.93,0.02,0.38,80.11,0.11,6.53,7.09,1.14,1,1,1970
Florence,1626289200,38.3836,-105.1114,3,250.34,0.02,0.34,121.59,0.72,20.2,21.93,0.71,1,1,1970
Fort Collins,1626289200,40.5475,-105.0656,2,257.02,0.04,2.25,92.98,2.8,19.12,20.76,1.24,1,1,1970
Fort Lupton,1626289200,40.0828,-104.8069,2,240.33,0.06,1.93,100.14,2.74,13.86,15.42,1.36,1,1,1970
Fort Morgan,1626289200,40.2536,-103.7903,2,201.94,0.02,0.41,85.83,0.4,5.09,5.7,1.12,1,1,1970
Fountain,1626289200,38.6883,-104.6828,4,243.66,0.02,1.29,123.02,0.57,25.26,26.93,0.73,1,1,1970
Fowler,1626289200,38.1306,-104.0264,4,270.37,0.01,0.89,130.18,0.75,27.56,33.84,0.93,1,1,1970
Foxfield,1626289200,39.5881,-104.7858,3,293.73,0.28,6.51,130.18,3.04,24.77,27.12,1.46,1,1,1970
Fraser,1626289200,39.9303,-105.8031,2,233.65,0.01,0.18,107.29,0.41,12.25,14.19,0.71,1,1,1970
Frederick,1626289200,40.1089,-104.97,2,240.33,0.06,1.93,100.14,2.74,13.86,15.42,1.36,1,1,1970
Frisco,1626289200,39.5792,-106.0917,2,223.64,0.01,0.23,101.57,0.38,15.33,16.7,0.49,1,1,1970
Fruita,1626289200,39.1547,-108.7306,2,223.64,0,0.31,104.43,0.33,10.89,13.33,0.63,1,1,1970
Garden City,1626289200,40.3947,-104.6894,2,211.95,0.01,1.16,92.98,2.21,7.58,8.4,1.01,1,1,1970
Genoa,1626289200,39.2783,-103.4986,3,260.35,0.05,0.83,117.3,1.3,22.79,24.09,1.43,1,1,1970
Georgetown,1626289200,39.7181,-105.6942,2,230.31,0.01,0.14,101.57,0.33,16.52,18.95,0.65,1,1,1970
Gilcrest,1626289200,40.2842,-104.7819,2,211.95,0.01,1.16,92.98,2.21,7.58,8.4,1.01,1,1,1970
Glendale,1626289200,39.7036,-104.9353,4,290.39,0.13,4.88,120.16,2.86,25.21,27.52,1.65,1,1,1970
Glenwood Springs,1626289200,39.5456,-107.3347,2,220.3,0.01,0.13,98.71,0.24,9.29,10.81,0.63,1,1,1970
Golden,1626289200,39.7406,-105.2119,2,226.97,0.01,0.27,110.15,0.35,16.75,19.81,0.67,1,1,1970
Granada,1626289200,38.0631,-102.3117,2,211.95,0.01,0.62,90.12,0.21,9.06,13.35,0.9,1,1,1970
Granby,1626289200,40.0647,-105.9194,2,230.31,0,0.2,108.72,0.98,13.33,14.95,0.59,1,1,1970
Grand Junction,1626289200,39.0878,-108.5675,2,226.97,0.01,0.29,104.43,0.3,10.49,12.45,0.7,1,1,1970
Grand Lake,1626289200,40.2503,-105.8231,2,226.97,0,0.35,100.14,2.06,13.82,15.23,0.57,1,1,1970
Greeley,1626289200,40.415,-104.7706,2,213.62,0.04,0.91,94.41,2.15,6.97,7.79,0.9,1,1,1970
Green Mountain Falls,1626289200,38.9344,-105.0239,2,233.65,0,0.29,101.57,0.36,15.12,16.58,0.44,1,1,1970
Greenwood Village,1626289200,39.6153,-104.9131,4,290.39,0.13,4.88,120.16,2.86,25.21,27.52,1.65,1,1,1970
Grover,1626289200,40.8692,-104.2258,2,200.27,0.03,0.3,87.98,0.38,3.47,4.18,0.77,1,1,1970
Gunnison,1626289200,38.5481,-106.9247,2,236.99,0,0.11,107.29,0.38,13.74,14.67,0.44,1,1,1970
Gypsum,1626289200,39.6286,-106.935,2,220.3,0,0.15,101.57,0.28,11.13,12.34,0.57,1,1,1970
Hartman,1626289200,38.1211,-102.2217,2,211.95,0.01,0.62,90.12,0.21,9.06,13.35,0.9,1,1,1970
Haswell,1626289200,38.4525,-103.165,2,226.97,0.02,0.71,91.55,0.33,15.23,16.5,1.14,1,1,1970
Haxtun,1626289200,40.6419,-102.6297,1,188.59,0.03,0.38,73.67,0.08,6.13,6.66,1.17,1,1,1970
Hayden,1626289200,40.485,-107.2392,2,203.61,0.03,0.42,114.44,2.21,14.54,16.36,0.71,1,1,1970
Hillrose,1626289200,40.3244,-103.5222,2,201.94,0.03,0.42,85.83,0.33,5.65,6.38,1.2,1,1,1970
Holly,1626289200,38.0553,-102.1247,2,198.6,0.01,0.61,82.97,0.15,5.62,7.35,0.97,1,1,1970
Holyoke,1626289200,40.5819,-102.2975,1,188.59,0.08,0.36,67.23,0.09,5.21,5.5,1.58,1,1,1970
Hooper,1626289200,37.7461,-105.8778,1,193.6,0.02,0.43,70.81,0.46,6.43,6.73,0.64,1,1,1970
Hot Sulphur Springs,1626289200,40.075,-106.1031,2,220.3,0,0.23,111.58,1.19,13.79,15.34,0.63,1,1,1970
Hotchkiss,1626289200,38.7989,-107.7133,3,277.04,0.01,0.18,125.89,0.43,21.56,23.51,0.82,1,1,1970
Hudson,1626289200,40.09,-104.6208,2,210.29,0.02,2.16,90.84,2.15,8.42,9.34,1.14,1,1,1970
Hugo,1626289200,39.1361,-103.4731,3,260.35,0.04,0.94,127.32,0.94,18.76,19.86,1.06,1,1,1970
Idaho Springs,1626289200,39.7444,-105.5,2,230.31,0.01,0.14,113.01,0.36,18.69,21.78,0.71,1,1,1970
Ignacio[v],1626289200,37.1181,-107.6375,2,257.02,0.02,0.23,97.28,0.85,9.02,9.74,0.4,1,1,1970
Iliff,1626289200,40.7592,-103.0661,2,195.27,0.01,0.34,81.54,0.13,6.02,6.56,1.14,1,1,1970
Jamestown,1626289200,40.1183,-105.3917,2,250.34,0,0.19,114.44,0.69,19.44,21.16,0.6,1,1,1970
Johnstown,1626289200,40.3497,-104.9483,2,233.65,0.03,2.57,95.84,4.17,10.95,12.2,1.14,1,1,1970
Julesburg,1626289200,40.985,-102.2628,1,185.25,0.07,0.33,66.52,0.07,4.5,4.66,1.33,1,1,1970
Keenesburg,1626289200,40.1328,-104.5381,2,213.62,0,0.54,94.41,0.92,8.13,9.05,1.0,1,1,1970
Kersey,1626289200,40.3908,-104.5794,2,210.29,0.01,0.52,91.55,0.77,5.81,6.51,0.93,1,1,1970
Kim,1626289200,37.2469,-103.3533,2,205.28,0.01,0.48,91.55,0.42,9.23,10.91,0.63,1,1,1970
Kiowa,1626289200,39.3436,-104.4578,2,283.72,0.08,4.88,111.58,2.12,19.82,21.63,1.35,1,1,1970
Kit Carson,1626289200,38.7628,-102.7953,2,220.3,0,0.54,98.71,0.32,12.36,14.88,0.89,1,1,1970
Kremmling,1626289200,40.0567,-106.3783,3,233.65,0,0.27,120.16,1.33,15.55,17.38,0.78,1,1,1970
La Jara,1626289200,37.2736,-105.9597,2,208.62,0.01,0.2,90.12,0.51,12.05,12.63,0.4,1,1,1970
La Junta,1626289200,37.9792,-103.5472,3,247.0,0,0.87,117.3,0.63,21.47,25.63,0.79,1,1,1970
La Veta,1626289200,37.5086,-105.0086,2,205.28,0,0.27,94.41,0.42,14.56,15.01,0.35,1,1,1970
Lafayette,1626289200,39.9947,-105.0997,3,280.38,0.13,2.1,115.87,2.03,24.39,26.59,1.39,1,1,1970
Lake City,1626289200,38.03,-107.3106,2,223.64,0,0.15,88.69,0.25,13.55,15.03,0.54,1,1,1970
Lakeside[w],1626289200,39.7803,-105.0578,2,267.03,0.08,1.99,117.3,1.13,18.55,21.19,1.06,1,1,1970
Lakewood,1626289200,39.6978,-105.1172,2,267.03,0.08,1.99,117.3,1.13,18.55,21.19,1.06,1,1,1970
Lamar,1626289200,38.0739,-102.6153,2,236.99,0.05,0.49,110.15,0.37,19.19,24.95,0.75,1,1,1970
Larkspur,1626289200,39.2319,-104.8922,3,283.72,0.12,3.3,121.59,2.06,18.9,20.67,0.85,1,1,1970
Las Animas,1626289200,38.0694,-103.2236,3,247.0,0.01,0.76,114.44,0.54,20.52,26.48,1.08,1,1,1970
LaSalle,1626289200,40.3483,-104.7061,2,211.95,0.01,1.16,92.98,2.21,7.58,8.4,1.01,1,1,1970
Leadville,1626289200,39.2472,-106.2933,2,220.3,0,0.13,97.28,0.36,14.44,15.2,0.36,1,1,1970
Limon,1626289200,39.2653,-103.6856,3,260.35,0.02,0.74,123.02,0.91,22.71,24.14,1.3,1,1,1970
Littleton,1626289200,39.5914,-105.0189,2,253.68,0.03,1.34,114.44,0.72,18.08,20.9,0.74,1,1,1970
Lochbuie,1626289200,40.0117,-104.7272,2,210.29,0.02,2.16,90.84,2.15,8.42,9.34,1.14,1,1,1970
Log Lane Village,1626289200,40.2697,-103.8289,2,203.61,0.02,0.41,87.26,0.45,4.72,5.39,1.05,1,1,1970
Lone Tree,1626289200,39.5308,-104.8708,3,310.42,0.57,9.25,130.18,4.77,22.03,24.42,1.5,1,1,1970
Longmont,1626289200,40.1686,-105.1006,3,280.38,0.05,1.46,111.58,1.4,24.15,26.31,1.28,1,1,1970
Louisville,1626289200,39.9711,-105.1442,3,280.38,0.13,2.1,115.87,2.03,24.39,26.59,1.39,1,1,1970
Loveland,1626289200,40.4167,-105.0622,2,257.02,0.04,2.25,92.98,2.8,19.12,20.76,1.24,1,1,1970
Lyons,1626289200,40.2231,-105.2692,3,247.0,0.01,0.32,114.44,1.0,20.13,22.22,0.7,1,1,1970
Manassa,1626289200,37.1739,-105.9372,2,210.29,0.01,0.19,89.41,0.49,10.11,10.5,0.33,1,1,1970
Mancos,1626289200,37.3467,-108.2939,2,250.34,0.02,0.2,104.43,0.97,10.29,11.53,0.63,1,1,1970
Manitou Springs,1626289200,38.8575,-104.9128,3,233.65,0,0.42,95.84,0.29,20.66,21.93,0.52,1,1,1970
Manzanola,1626289200,38.1089,-103.8667,3,267.03,0.01,0.69,130.18,0.56,21.63,25.73,0.97,1,1,1970
Marble,1626289200,39.0717,-107.1908,1,203.61,0.02,0.55,56.51,0.31,8.54,9.02,0.46,1,1,1970
Mead,1626289200,40.2317,-104.9911,2,233.65,0.03,2.57,95.84,4.17,10.95,12.2,1.14,1,1,1970
Meeker,1626289200,40.05,-107.8947,2,200.27,0,0.19,94.41,0.16,5.08,9.02,0.74,1,1,1970
Merino,1626289200,40.4836,-103.3536,2,198.6,0.02,0.38,84.4,0.21,6.13,6.82,1.2,1,1,1970
Milliken,1626289200,40.3114,-104.8561,2,233.65,0.03,2.57,95.84,4.17,10.95,12.2,1.14,1,1,1970
Minturn,1626289200,39.5461,-106.3869,2,220.3,0.01,0.28,97.28,0.35,12.65,13.63,0.47,1,1,1970
Moffat,1626289200,38.0028,-105.9064,2,196.93,0.01,0.22,78.68,0.29,12.12,12.88,0.61,1,1,1970
Monte Vista,1626289200,37.5789,-106.15,2,216.96,0.01,0.2,103.0,0.63,14.25,15.31,0.42,1,1,1970
Montezuma,1626289200,39.5814,-105.8678,2,226.97,0.01,0.2,107.29,0.37,18.17,20.25,0.55,1,1,1970
Montrose,1626289200,38.4689,-107.8589,2,260.35,0.02,0.23,113.01,0.47,12.48,14.49,1.14,1,1,1970
Monument,1626289200,39.0736,-104.8467,3,240.33,0.01,0.48,92.98,0.24,22.18,23.51,0.63,1,1,1970
Morrison,1626289200,39.6369,-105.2006,2,226.97,0.01,0.27,110.15,0.35,16.75,19.81,0.67,1,1,1970
Mount Crested Butte[y],1626289200,38.9083,-106.9606,2,223.64,0,0.09,88.69,0.33,14.41,15.23,0.35,1,1,1970
Mountain View[z],1626289200,39.7747,-105.0567,2,267.03,0.08,1.99,117.3,1.13,18.55,21.19,1.06,1,1,1970
Mountain Village,1626289200,37.9325,-107.8578,2,240.33,0,0.1,108.72,0.41,18.55,20.31,0.55,1,1,1970
Naturita,1626289200,38.2183,-108.5667,2,257.02,0.01,0.13,108.72,0.62,8.31,9.75,0.9,1,1,1970
Nederland,1626289200,39.9633,-105.5072,2,226.97,0.01,0.14,100.14,0.38,16.89,19.17,0.61,1,1,1970
New Castle,1626289200,39.5775,-107.5267,2,233.65,0.01,0.22,104.43,0.28,8.17,10.29,0.75,1,1,1970
Northglenn,1626289200,39.9108,-104.9783,2,257.02,0.13,2.25,110.15,1.91,19.09,21.08,1.58,1,1,1970
Norwood,1626289200,38.1292,-108.2919,2,263.69,0.01,0.23,114.44,1.18,13.61,15.44,0.86,1,1,1970
Nucla,1626289200,38.2667,-108.5486,2,257.02,0.01,0.13,108.72,0.62,8.31,9.75,0.9,1,1,1970
Nunn,1626289200,40.7139,-104.7889,2,211.95,0.02,0.83,97.28,2.24,5.54,6.37,0.74,1,1,1970
Oak Creek,1626289200,40.2742,-106.9575,2,226.97,0.02,1.24,108.72,5.66,12.74,14.37,0.78,1,1,1970
Olathe,1626289200,38.6083,-107.9833,3,273.71,0.01,0.2,123.02,0.41,19.67,21.53,0.93,1,1,1970
Olney Springs,1626289200,38.1664,-103.9444,3,267.03,0.01,0.69,130.18,0.56,21.63,25.73,0.97,1,1,1970
Ophir,1626289200,37.8569,-107.8311,2,240.33,0,0.1,108.72,0.41,18.55,20.31,0.55,1,1,1970
Orchard City,1626289200,38.8144,-107.9706,1,226.97,0.02,0.6,77.25,0.57,9.22,10.07,1.69,1,1,1970
Ordway,1626289200,38.2208,-103.7567,2,247.0,0.02,0.54,118.73,0.36,13.35,14.93,1.0,1,1,1970
Otis,1626289200,40.15,-102.9622,1,190.26,0.04,0.41,77.25,0.14,5.6,6.15,1.36,1,1,1970
Ouray,1626289200,38.0275,-107.6733,2,250.34,0,0.17,113.01,0.39,16.69,18.88,0.69,1,1,1970
Ovid,1626289200,40.9608,-102.3883,1,185.25,0.07,0.33,66.52,0.07,4.5,4.66,1.33,1,1,1970
Pagosa Springs,1626289200,37.2675,-107.0306,1,203.61,0,0.17,78.68,1.1,4.46,4.72,0.06,1,1,1970
Palisade,1626289200,39.1083,-108.3572,2,236.99,0.01,0.31,104.43,0.26,9.27,10.64,0.84,1,1,1970
Palmer Lake,1626289200,39.1153,-104.9061,3,240.33,0.01,0.48,92.98,0.24,22.18,23.51,0.63,1,1,1970
Paoli,1626289200,40.6128,-102.4717,1,181.91,0.04,0.4,66.52,0.07,5.06,5.42,1.3,1,1,1970
Paonia,1626289200,38.8697,-107.5919,2,216.96,0.02,0.26,74.39,0.3,11.71,12.95,0.88,1,1,1970
Parachute,1626289200,39.4508,-108.0531,2,240.33,0.02,0.43,80.82,0.2,8.32,9.15,2.47,1,1,1970
Parker,1626289200,39.5083,-104.7753,3,293.73,0.28,6.51,130.18,3.04,24.77,27.12,1.46,1,1,1970
Peetz,1626289200,40.9619,-103.1139,2,191.93,0.03,0.3,80.82,0.12,5.37,5.78,1.05,1,1,1970
Pierce,1626289200,40.6411,-104.7703,2,211.95,0.02,0.83,97.28,2.24,5.54,6.37,0.74,1,1,1970
Pitkin,1626289200,38.6086,-106.515,2,216.96,0,0.05,94.41,0.39,17.48,18.48,0.3,1,1,1970
Platteville,1626289200,40.2219,-104.8342,2,233.65,0.03,2.57,95.84,4.17,10.95,12.2,1.14,1,1,1970
Poncha Springs,1626289200,38.5142,-106.0942,3,226.97,0,0.23,95.84,0.37,20.83,22.48,0.42,1,1,1970
Pritchett,1626289200,37.37,-102.8586,2,203.61,0.02,0.48,85.12,0.29,4.61,5.36,0.78,1,1,1970
Pueblo,1626289200,38.27,-104.6114,3,277.04,0.04,1.54,131.61,1.0,23.0,26.87,1.08,1,1,1970
Ramah,1626289200,39.1222,-104.1672,3,257.02,0.02,1.84,125.89,1.36,22.89,24.8,1.0,1,1,1970
Rangely,1626289200,40.0861,-108.7794,2,198.6,0,0.25,105.86,0.16,15.48,20.97,0.78,1,1,1970
Raymer[ab],1626289200,40.6081,-103.8436,2,196.93,0.02,0.3,85.83,0.36,4.51,5.03,0.93,1,1,1970
Red Cliff,1626289200,39.5092,-106.37,2,220.3,0.01,0.28,97.28,0.35,12.65,13.63,0.47,1,1,1970
Rico,1626289200,37.6892,-108.0317,2,230.31,0,0.11,92.98,0.58,11.99,13.03,0.46,1,1,1970
Ridgway,1626289200,38.1572,-107.7547,2,250.34,0,0.17,113.01,0.39,16.69,18.88,0.69,1,1,1970
Rifle,1626289200,39.5361,-107.7728,2,230.31,0.01,0.24,101.57,0.28,7.74,10.0,0.71,1,1,1970
Rockvale,1626289200,38.3644,-105.1647,3,250.34,0.02,0.34,121.59,0.72,20.2,21.93,0.71,1,1,1970
Rocky Ford,1626289200,38.05,-103.7225,2,257.02,0.01,0.8,118.73,0.55,18.45,23.24,1.09,1,1,1970
Romeo,1626289200,37.1719,-105.9853,2,210.29,0.01,0.19,89.41,0.49,10.11,10.5,0.33,1,1,1970
Rye,1626289200,37.9214,-104.9319,2,206.95,0.02,1.99,82.25,1.07,17.53,18.94,0.52,1,1,1970
Saguache[ac],1626289200,38.0864,-106.1411,2,198.6,0.01,0.16,83.69,0.32,13.09,13.86,0.47,1,1,1970
Salida,1626289200,38.53,-105.9978,3,233.65,0,0.28,108.72,0.46,20.49,22.35,0.49,1,1,1970
San Luis[ad],1626289200,37.2025,-105.4225,2,205.28,0.01,0.34,85.83,0.48,11.06,11.63,0.44,1,1,1970
Sanford,1626289200,37.2575,-105.9008,2,208.62,0.01,0.2,90.12,0.51,12.05,12.63,0.4,1,1,1970
Sawpit[ae],1626289200,37.9947,-108.0022,2,250.34,0,0.13,105.86,0.66,14.92,16.48,0.67,1,1,1970
Sedgwick,1626289200,40.9356,-102.5256,1,180.24,0.05,0.3,67.23,0.06,4.41,4.6,1.17,1,1,1970
Seibert,1626289200,39.2981,-102.8694,3,277.04,0.02,0.75,118.73,0.63,22.21,23.32,1.47,1,1,1970
Severance,1626289200,40.5267,-104.865,2,236.99,0.04,2.34,101.57,5.48,10.67,11.81,0.98,1,1,1970
Sheridan,1626289200,39.6467,-105.0183,2,267.03,0.08,1.99,117.3,1.13,18.55,21.19,1.06,1,1,1970
Sheridan Lake,1626289200,38.4667,-102.2944,2,216.96,0.01,0.58,91.55,0.29,13.22,18.56,0.84,1,1,1970
Silt,1626289200,39.5483,-107.6533,2,230.31,0.01,0.24,101.57,0.28,7.74,10.0,0.71,1,1,1970
Silver Cliff,1626289200,38.1203,-105.4103,2,203.61,0.01,0.39,82.97,0.29,16.04,17.14,0.79,1,1,1970
Silver Plume,1626289200,39.6956,-105.7264,2,230.31,0.01,0.14,101.57,0.33,16.52,18.95,0.65,1,1,1970
Silverthorne,1626289200,39.6561,-106.0869,2,220.3,0,0.12,100.14,0.35,12.97,14.53,0.62,1,1,1970
Silverton,1626289200,37.8108,-107.6647,2,233.65,0,0.14,107.29,0.3,18.1,20.05,0.52,1,1,1970
Simla,1626289200,39.1408,-104.0825,3,257.02,0.02,1.84,125.89,1.36,22.89,24.8,1.0,1,1,1970
Snowmass Village,1626289200,39.2211,-106.9392,2,226.97,0,0.2,97.28,0.33,12.49,13.35,0.46,1,1,1970
South Fork,1626289200,37.6692,-106.6417,3,206.95,0,0.16,98.71,0.3,21.11,22.34,0.3,1,1,1970
Springfield,1626289200,37.405,-102.6189,2,203.61,0.01,0.5,88.69,0.31,6.99,7.92,0.7,1,1,1970
Starkville,1626289200,37.1169,-104.5233,2,208.62,0,0.34,92.98,0.5,11.75,13.21,0.39,1,1,1970
Steamboat Springs,1626289200,40.4778,-106.8242,2,216.96,0.02,0.95,114.44,6.14,15.66,17.7,0.79,1,1,1970
Sterling,1626289200,40.6206,-103.1925,2,195.27,0.01,0.34,81.54,0.13,6.02,6.56,1.14,1,1,1970
Stratton,1626289200,39.3028,-102.6033,4,273.71,0.03,0.91,117.3,0.62,25.79,26.89,1.66,1,1,1970
Sugar City,1626289200,38.2328,-103.6633,2,247.0,0.02,0.54,118.73,0.36,13.35,14.93,1.0,1,1,1970
Superior,1626289200,39.9339,-105.1589,3,280.38,0.13,2.1,115.87,2.03,24.39,26.59,1.39,1,1,1970
Swink,1626289200,38.0142,-103.6281,2,257.02,0.01,0.8,118.73,0.55,18.45,23.24,1.09,1,1,1970
Telluride,1626289200,37.9364,-107.8269,2,240.33,0,0.1,108.72,0.41,18.55,20.31,0.55,1,1,1970
Thornton,1626289200,39.9197,-104.9439,2,257.02,0.13,2.25,110.15,1.91,19.09,21.08,1.58,1,1,1970
Timnath,1626289200,40.5339,-104.9622,2,236.99,0.04,2.34,101.57,5.48,10.67,11.81,0.98,1,1,1970
Trinidad,1626289200,37.175,-104.4908,2,208.62,0,0.34,92.98,0.5,11.75,13.21,0.39,1,1,1970
Two Buttes,1626289200,37.5606,-102.3967,1,183.58,0.01,0.47,71.53,0.14,3.9,6.74,0.98,1,1,1970
Vail,1626289200,39.6386,-106.3611,2,213.62,0.01,0.25,82.97,0.3,10.63,11.89,0.54,1,1,1970
Victor,1626289200,38.7086,-105.1419,2,233.65,0.01,0.68,90.12,0.28,11.68,12.82,0.52,1,1,1970
Vilas,1626289200,37.3736,-102.4475,1,183.58,0.01,0.46,70.81,0.14,4.3,7.43,1.0,1,1,1970
Vona,1626289200,39.3022,-102.7433,4,273.71,0.03,0.91,117.3,0.62,25.79,26.89,1.66,1,1,1970
Walden,1626289200,40.7317,-106.2814,4,273.71,0.07,0.88,114.44,0.76,35.07,37.03,1.08,1,1,1970
Walsenburg,1626289200,37.6306,-104.7817,3,233.65,0,0.99,110.15,0.6,21.75,23.3,0.62,1,1,1970
Walsh,1626289200,37.3861,-102.28,1,180.24,0.01,0.39,67.23,0.14,4.65,9.36,1.0,1,1,1970
Ward,1626289200,40.0722,-105.5139,2,230.31,0.01,0.13,95.84,0.62,16.15,17.63,0.52,1,1,1970
Wellington,1626289200,40.7,-105.0053,3,257.02,0.01,0.81,108.72,1.64,20.42,22.0,1.17,1,1,1970
Westcliffe,1626289200,38.1339,-105.4653,2,203.61,0.01,0.39,82.97,0.29,16.04,17.14,0.79,1,1,1970
Westminster,1626289200,39.8836,-105.0625,3,280.38,0.13,2.1,115.87,2.03,24.39,26.59,1.39,1,1,1970
Wheat Ridge,1626289200,39.7728,-105.1028,2,267.03,0.08,1.99,117.3,1.13,18.55,21.19,1.06,1,1,1970
Wiggins,1626289200,40.2286,-104.0725,2,206.95,0.01,0.4,88.69,0.48,4.5,5.21,0.95,1,1,1970
Wiley,1626289200,38.1553,-102.7192,2,236.99,0.05,0.49,110.15,0.37,19.19,24.95,0.75,1,1,1970
Williamsburg,1626289200,38.3839,-105.1711,3,250.34,0.02,0.34,121.59,0.72,20.2,21.93,0.71,1,1,1970
Windsor,1626289200,40.4689,-104.92,2,236.99,0.04,2.34,101.57,5.48,10.67,11.81,0.98,1,1,1970
Winter Park,1626289200,39.8786,-105.7828,2,240.33,0.01,0.12,111.58,0.47,15.71,17.91,0.7,1,1,1970
Woodland Park,1626289200,38.9986,-105.0594,2,233.65,0,0.29,101.57,0.36,15.12,16.58,0.44,1,1,1970
Wray,1626289200,40.08,-102.2283,1,188.59,0.05,0.47,66.52,0.09,5.21,5.47,1.81,1,1,1970
Yampa,1626289200,40.1531,-106.9086,2,210.29,0,0.12,103.0,0.21,11.52,13.12,0.62,1,1,1970
Yuma,1626289200,40.1236,-102.7161,1,186.92,0.05,0.44,72.24,0.09,5.18,5.53,1.39,1,1,1970
